metric,mean,std,median,min,max,variance
read_time_ms,125.0,7.0710678118654755,125.0,120,130,50.0
write_time_ms,215.0,7.0710678118654755,215.0,210,220,50.0
read_iops,385.0,7.0710678118654755,385.0,380,390,50.0
write_iops,225.0,7.0710678118654755,225.0,220,230,50.0
